{"pi_w": -0.063188730729682, "hydrophobic_w": -0.03716403695919669, "hbond_weak_w": -0.04366133252874198, "multipolar_w": -0.019455288387689253, "repulsive_w": -0.040866103156305615, "desolvation_w": -0.010608123074297517, "hbond_classic_w": -0.23493814199229893, "ionic_w": -4.9773174361416626, "favorable_lip_a": 0.09999532638575442, "favorable_lip_b": 0.39996623821473576, "favorable_lip_c": 0.7996016919130785, "favorable_lip_d": 0.4999066841565629, "favorable_lip_e": -1.6115469412158994, "favorable_hb_a": 0.08997654998071626, "favorable_hb_b": 0.255542190940446, "favorable_hb_c": 0.45307969018793653, "favorable_hb_d": 0.288170903944159, "favorable_hb_e": -0.2791161685288354, "unfavorable_a": 0.2732838245095902, "unfavorable_c": 0.5004405368363931, "hbond_rho1": 45.02330198277488, "hbond_rho2": 58.611596979208606, "lipophilic_rho1": 19.744414070418735, "lipophilic_rho2": 22.18830011128364, "bfactor_rho1": 0.16143101293679202, "bfactor_rho2": 0.17128117565306794, "strain_weight_0": -0.0006774158469974648, "strain_weight_1": -0.11361803650362581, "strain_weight_2": -4.422211381402782e-09, "rotation_entropy_w": -0.0007525937907472116, "clash_penalty": 0.47618377717976235}